Time,Value,MEASURE,Description
2011,25.4,ERP_6,Persons - 0-14 years (%)
2012,24.7,ERP_6,Persons - 0-14 years (%)
2013,24.1,ERP_6,Persons - 0-14 years (%)
2014,23.6,ERP_6,Persons - 0-14 years (%)
2015,23.2,ERP_6,Persons - 0-14 years (%)
2016,22.8,ERP_6,Persons - 0-14 years (%)
2011,17.3,ERP_7,Persons - 15-24 years (%)
2012,17.3,ERP_7,Persons - 15-24 years (%)
2013,17.3,ERP_7,Persons - 15-24 years (%)
2014,17.3,ERP_7,Persons - 15-24 years (%)
2015,17.2,ERP_7,Persons - 15-24 years (%)
2016,16.9,ERP_7,Persons - 15-24 years (%)
2011,16.1,ERP_8,Persons - 25-34 years (%)
2012,16,ERP_8,Persons - 25-34 years (%)
2013,16.1,ERP_8,Persons - 25-34 years (%)
2014,16.6,ERP_8,Persons - 25-34 years (%)
2015,16.9,ERP_8,Persons - 25-34 years (%)
2016,17.1,ERP_8,Persons - 25-34 years (%)
2011,14.1,ERP_9,Persons - 35-44 years (%)
2012,14.1,ERP_9,Persons - 35-44 years (%)
2013,14,ERP_9,Persons - 35-44 years (%)
2014,13.5,ERP_9,Persons - 35-44 years (%)
2015,13.2,ERP_9,Persons - 35-44 years (%)
2016,12.8,ERP_9,Persons - 35-44 years (%)
2011,13.1,ERP_10,Persons - 45-54 years (%)
2012,13.2,ERP_10,Persons - 45-54 years (%)
2013,13.4,ERP_10,Persons - 45-54 years (%)
2014,13.6,ERP_10,Persons - 45-54 years (%)
2015,13.6,ERP_10,Persons - 45-54 years (%)
2016,13.5,ERP_10,Persons - 45-54 years (%)
2011,8.5,ERP_11,Persons - 55-64 years (%)
2012,8.6,ERP_11,Persons - 55-64 years (%)
2013,8.9,ERP_11,Persons - 55-64 years (%)
2014,9.2,ERP_11,Persons - 55-64 years (%)
2015,9.6,ERP_11,Persons - 55-64 years (%)
2016,10.1,ERP_11,Persons - 55-64 years (%)
2011,4.8,ERP_12,Persons - 65-74 years (%)
2012,5.3,ERP_12,Persons - 65-74 years (%)
2013,5.4,ERP_12,Persons - 65-74 years (%)
2014,5.7,ERP_12,Persons - 65-74 years (%)
2015,5.8,ERP_12,Persons - 65-74 years (%)
2016,5.9,ERP_12,Persons - 65-74 years (%)
2011,1.4,ERP_13,Persons - 75-84 years (%)
2012,1.6,ERP_13,Persons - 75-84 years (%)
2013,1.7,ERP_13,Persons - 75-84 years (%)
2014,1.9,ERP_13,Persons - 75-84 years (%)
2015,2.1,ERP_13,Persons - 75-84 years (%)
2016,2.2,ERP_13,Persons - 75-84 years (%)
2011,0.3,ERP_14,Persons - 85 years and over (%)
2012,0.3,ERP_14,Persons - 85 years and over (%)
2013,0.4,ERP_14,Persons - 85 years and over (%)
2014,0.4,ERP_14,Persons - 85 years and over (%)
2015,0.4,ERP_14,Persons - 85 years and over (%)
2016,0.5,ERP_14,Persons - 85 years and over (%)
2011,641,ERP_M_2,Males - 0-4 years (no.)
2012,641,ERP_M_2,Males - 0-4 years (no.)
2013,621,ERP_M_2,Males - 0-4 years (no.)
2014,619,ERP_M_2,Males - 0-4 years (no.)
2015,598,ERP_M_2,Males - 0-4 years (no.)
2016,611,ERP_M_2,Males - 0-4 years (no.)
2011,680,ERP_M_3,Males - 5-9 years (no.)
2012,638,ERP_M_3,Males - 5-9 years (no.)
2013,652,ERP_M_3,Males - 5-9 years (no.)
2014,646,ERP_M_3,Males - 5-9 years (no.)
2015,657,ERP_M_3,Males - 5-9 years (no.)
2016,640,ERP_M_3,Males - 5-9 years (no.)
2011,688,ERP_M_4,Males - 10-14 years (no.)
2012,701,ERP_M_4,Males - 10-14 years (no.)
2013,674,ERP_M_4,Males - 10-14 years (no.)
2014,667,ERP_M_4,Males - 10-14 years (no.)
2015,664,ERP_M_4,Males - 10-14 years (no.)
2016,628,ERP_M_4,Males - 10-14 years (no.)
2011,704,ERP_M_5,Males - 15-19 years (no.)
2012,703,ERP_M_5,Males - 15-19 years (no.)
2013,695,ERP_M_5,Males - 15-19 years (no.)
2014,688,ERP_M_5,Males - 15-19 years (no.)
2015,670,ERP_M_5,Males - 15-19 years (no.)
2016,684,ERP_M_5,Males - 15-19 years (no.)
2011,676,ERP_M_6,Males - 20-24 years (no.)
2012,663,ERP_M_6,Males - 20-24 years (no.)
2013,689,ERP_M_6,Males - 20-24 years (no.)
2014,708,ERP_M_6,Males - 20-24 years (no.)
2015,718,ERP_M_6,Males - 20-24 years (no.)
2016,705,ERP_M_6,Males - 20-24 years (no.)
2011,575,ERP_M_7,Males - 25-29 years (no.)
2012,591,ERP_M_7,Males - 25-29 years (no.)
2013,605,ERP_M_7,Males - 25-29 years (no.)
2014,636,ERP_M_7,Males - 25-29 years (no.)
2015,654,ERP_M_7,Males - 25-29 years (no.)
2016,708,ERP_M_7,Males - 25-29 years (no.)
2011,597,ERP_M_8,Males - 30-34 years (no.)
2012,577,ERP_M_8,Males - 30-34 years (no.)
2013,558,ERP_M_8,Males - 30-34 years (no.)
2014,541,ERP_M_8,Males - 30-34 years (no.)
2015,549,ERP_M_8,Males - 30-34 years (no.)
2016,552,ERP_M_8,Males - 30-34 years (no.)
2011,537,ERP_M_9,Males - 35-39 years (no.)
2012,532,ERP_M_9,Males - 35-39 years (no.)
2013,524,ERP_M_9,Males - 35-39 years (no.)
2014,518,ERP_M_9,Males - 35-39 years (no.)
2015,506,ERP_M_9,Males - 35-39 years (no.)
2016,504,ERP_M_9,Males - 35-39 years (no.)
2011,548,ERP_M_10,Males - 40-44 years (no.)
2012,552,ERP_M_10,Males - 40-44 years (no.)
2013,559,ERP_M_10,Males - 40-44 years (no.)
2014,520,ERP_M_10,Males - 40-44 years (no.)
2015,502,ERP_M_10,Males - 40-44 years (no.)
2016,490,ERP_M_10,Males - 40-44 years (no.)
2011,567,ERP_M_11,Males - 45-49 years (no.)
2012,570,ERP_M_11,Males - 45-49 years (no.)
2013,560,ERP_M_11,Males - 45-49 years (no.)
2014,563,ERP_M_11,Males - 45-49 years (no.)
2015,536,ERP_M_11,Males - 45-49 years (no.)
2016,505,ERP_M_11,Males - 45-49 years (no.)
2011,439,ERP_M_12,Males - 50-54 years (no.)
2012,444,ERP_M_12,Males - 50-54 years (no.)
2013,474,ERP_M_12,Males - 50-54 years (no.)
2014,492,ERP_M_12,Males - 50-54 years (no.)
2015,521,ERP_M_12,Males - 50-54 years (no.)
2016,539,ERP_M_12,Males - 50-54 years (no.)
2011,352,ERP_M_13,Males - 55-59 years (no.)
2012,367,ERP_M_13,Males - 55-59 years (no.)
2013,378,ERP_M_13,Males - 55-59 years (no.)
2014,407,ERP_M_13,Males - 55-59 years (no.)
2015,435,ERP_M_13,Males - 55-59 years (no.)
2016,444,ERP_M_13,Males - 55-59 years (no.)
2011,255,ERP_M_14,Males - 60-64 years (no.)
2012,265,ERP_M_14,Males - 60-64 years (no.)
2013,283,ERP_M_14,Males - 60-64 years (no.)
2014,301,ERP_M_14,Males - 60-64 years (no.)
2015,310,ERP_M_14,Males - 60-64 years (no.)
2016,337,ERP_M_14,Males - 60-64 years (no.)
2011,257,ERP_M_15,Males - 65-69 years (no.)
2012,260,ERP_M_15,Males - 65-69 years (no.)
2013,260,ERP_M_15,Males - 65-69 years (no.)
2014,265,ERP_M_15,Males - 65-69 years (no.)
2015,255,ERP_M_15,Males - 65-69 years (no.)
2016,258,ERP_M_15,Males - 65-69 years (no.)
2011,161,ERP_M_16,Males - 70-74 years (no.)
2012,180,ERP_M_16,Males - 70-74 years (no.)
2013,183,ERP_M_16,Males - 70-74 years (no.)
2014,185,ERP_M_16,Males - 70-74 years (no.)
2015,193,ERP_M_16,Males - 70-74 years (no.)
2016,199,ERP_M_16,Males - 70-74 years (no.)
2011,77,ERP_M_17,Males - 75-79 years (no.)
2012,78,ERP_M_17,Males - 75-79 years (no.)
2013,90,ERP_M_17,Males - 75-79 years (no.)
2014,102,ERP_M_17,Males - 75-79 years (no.)
2015,117,ERP_M_17,Males - 75-79 years (no.)
2016,123,ERP_M_17,Males - 75-79 years (no.)
2011,37,ERP_M_18,Males - 80-84 years (no.)
2012,39,ERP_M_18,Males - 80-84 years (no.)
2013,43,ERP_M_18,Males - 80-84 years (no.)
2014,42,ERP_M_18,Males - 80-84 years (no.)
2015,46,ERP_M_18,Males - 80-84 years (no.)
2016,57,ERP_M_18,Males - 80-84 years (no.)
2011,13,ERP_M_19,Males - 85 and over (no.)
2012,16,ERP_M_19,Males - 85 and over (no.)
2013,19,ERP_M_19,Males - 85 and over (no.)
2014,24,ERP_M_19,Males - 85 and over (no.)
2015,27,ERP_M_19,Males - 85 and over (no.)
2016,23,ERP_M_19,Males - 85 and over (no.)
2011,7804,ERP_M_20,Males - Total (no.)
2012,7817,ERP_M_20,Males - Total (no.)
2013,7867,ERP_M_20,Males - Total (no.)
2014,7924,ERP_M_20,Males - Total (no.)
2015,7958,ERP_M_20,Males - Total (no.)
2016,8007,ERP_M_20,Males - Total (no.)
2011,662,ERP_F_2,Females - 0-4 years (no.)
2012,639,ERP_F_2,Females - 0-4 years (no.)
2013,606,ERP_F_2,Females - 0-4 years (no.)
2014,571,ERP_F_2,Females - 0-4 years (no.)
2015,563,ERP_F_2,Females - 0-4 years (no.)
2016,595,ERP_F_2,Females - 0-4 years (no.)
2011,643,ERP_F_3,Females - 5-9 years (no.)
2012,637,ERP_F_3,Females - 5-9 years (no.)
2013,638,ERP_F_3,Females - 5-9 years (no.)
2014,652,ERP_F_3,Females - 5-9 years (no.)
2015,627,ERP_F_3,Females - 5-9 years (no.)
2016,596,ERP_F_3,Females - 5-9 years (no.)
2011,697,ERP_F_4,Females - 10-14 years (no.)
2012,648,ERP_F_4,Females - 10-14 years (no.)
2013,621,ERP_F_4,Females - 10-14 years (no.)
2014,598,ERP_F_4,Females - 10-14 years (no.)
2015,584,ERP_F_4,Females - 10-14 years (no.)
2016,578,ERP_F_4,Females - 10-14 years (no.)
2011,667,ERP_F_5,Females - 15-19 years (no.)
2012,702,ERP_F_5,Females - 15-19 years (no.)
2013,711,ERP_F_5,Females - 15-19 years (no.)
2014,676,ERP_F_5,Females - 15-19 years (no.)
2015,669,ERP_F_5,Females - 15-19 years (no.)
2016,639,ERP_F_5,Females - 15-19 years (no.)
2011,677,ERP_F_6,Females - 20-24 years (no.)
2012,670,ERP_F_6,Females - 20-24 years (no.)
2013,651,ERP_F_6,Females - 20-24 years (no.)
2014,675,ERP_F_6,Females - 20-24 years (no.)
2015,682,ERP_F_6,Females - 20-24 years (no.)
2016,679,ERP_F_6,Females - 20-24 years (no.)
2011,607,ERP_F_7,Females - 25-29 years (no.)
2012,601,ERP_F_7,Females - 25-29 years (no.)
2013,610,ERP_F_7,Females - 25-29 years (no.)
2014,627,ERP_F_7,Females - 25-29 years (no.)
2015,633,ERP_F_7,Females - 25-29 years (no.)
2016,642,ERP_F_7,Females - 25-29 years (no.)
2011,586,ERP_F_8,Females - 30-34 years (no.)
2012,577,ERP_F_8,Females - 30-34 years (no.)
2013,561,ERP_F_8,Females - 30-34 years (no.)
2014,550,ERP_F_8,Females - 30-34 years (no.)
2015,551,ERP_F_8,Females - 30-34 years (no.)
2016,538,ERP_F_8,Females - 30-34 years (no.)
2011,552,ERP_F_9,Females - 35-39 years (no.)
2012,538,ERP_F_9,Females - 35-39 years (no.)
2013,545,ERP_F_9,Females - 35-39 years (no.)
2014,523,ERP_F_9,Females - 35-39 years (no.)
2015,519,ERP_F_9,Females - 35-39 years (no.)
2016,527,ERP_F_9,Females - 35-39 years (no.)
2011,592,ERP_F_10,Females - 40-44 years (no.)
2012,601,ERP_F_10,Females - 40-44 years (no.)
2013,597,ERP_F_10,Females - 40-44 years (no.)
2014,591,ERP_F_10,Females - 40-44 years (no.)
2015,572,ERP_F_10,Females - 40-44 years (no.)
2016,522,ERP_F_10,Females - 40-44 years (no.)
2011,598,ERP_F_11,Females - 45-49 years (no.)
2012,592,ERP_F_11,Females - 45-49 years (no.)
2013,579,ERP_F_11,Females - 45-49 years (no.)
2014,570,ERP_F_11,Females - 45-49 years (no.)
2015,565,ERP_F_11,Females - 45-49 years (no.)
2016,566,ERP_F_11,Females - 45-49 years (no.)
2011,459,ERP_F_12,Females - 50-54 years (no.)
2012,480,ERP_F_12,Females - 50-54 years (no.)
2013,511,ERP_F_12,Females - 50-54 years (no.)
2014,540,ERP_F_12,Females - 50-54 years (no.)
2015,547,ERP_F_12,Females - 50-54 years (no.)
2016,555,ERP_F_12,Females - 50-54 years (no.)
2011,371,ERP_F_13,Females - 55-59 years (no.)
2012,394,ERP_F_13,Females - 55-59 years (no.)
2013,394,ERP_F_13,Females - 55-59 years (no.)
2014,412,ERP_F_13,Females - 55-59 years (no.)
2015,441,ERP_F_13,Females - 55-59 years (no.)
2016,468,ERP_F_13,Females - 55-59 years (no.)
2011,369,ERP_F_14,Females - 60-64 years (no.)
2012,339,ERP_F_14,Females - 60-64 years (no.)
2013,353,ERP_F_14,Females - 60-64 years (no.)
2014,349,ERP_F_14,Females - 60-64 years (no.)
2015,348,ERP_F_14,Females - 60-64 years (no.)
2016,368,ERP_F_14,Females - 60-64 years (no.)
2011,205,ERP_F_15,Females - 65-69 years (no.)
2012,262,ERP_F_15,Females - 65-69 years (no.)
2013,291,ERP_F_15,Females - 65-69 years (no.)
2014,304,ERP_F_15,Females - 65-69 years (no.)
2015,306,ERP_F_15,Females - 65-69 years (no.)
2016,295,ERP_F_15,Females - 65-69 years (no.)
2011,134,ERP_F_16,Females - 70-74 years (no.)
2012,127,ERP_F_16,Females - 70-74 years (no.)
2013,122,ERP_F_16,Females - 70-74 years (no.)
2014,146,ERP_F_16,Females - 70-74 years (no.)
2015,163,ERP_F_16,Females - 70-74 years (no.)
2016,191,ERP_F_16,Females - 70-74 years (no.)
2011,70,ERP_F_17,Females - 75-79 years (no.)
2012,87,ERP_F_17,Females - 75-79 years (no.)
2013,84,ERP_F_17,Females - 75-79 years (no.)
2014,91,ERP_F_17,Females - 75-79 years (no.)
2015,100,ERP_F_17,Females - 75-79 years (no.)
2016,106,ERP_F_17,Females - 75-79 years (no.)
2011,40,ERP_F_18,Females - 80-84 years (no.)
2012,43,ERP_F_18,Females - 80-84 years (no.)
2013,57,ERP_F_18,Females - 80-84 years (no.)
2014,60,ERP_F_18,Females - 80-84 years (no.)
2015,65,ERP_F_18,Females - 80-84 years (no.)
2016,64,ERP_F_18,Females - 80-84 years (no.)
2011,34,ERP_F_19,Females - 85 and over (no.)
2012,30,ERP_F_19,Females - 85 and over (no.)
2013,39,ERP_F_19,Females - 85 and over (no.)
2014,39,ERP_F_19,Females - 85 and over (no.)
2015,43,ERP_F_19,Females - 85 and over (no.)
2016,50,ERP_F_19,Females - 85 and over (no.)
2011,7963,ERP_F_20,Females - Total (no.)
2012,7967,ERP_F_20,Females - Total (no.)
2013,7970,ERP_F_20,Females - Total (no.)
2014,7974,ERP_F_20,Females - Total (no.)
2015,7978,ERP_F_20,Females - Total (no.)
2016,7979,ERP_F_20,Females - Total (no.)
2011,1303,ERP_P_2,Persons - 0-4 years (no.)
2012,1280,ERP_P_2,Persons - 0-4 years (no.)
2013,1227,ERP_P_2,Persons - 0-4 years (no.)
2014,1190,ERP_P_2,Persons - 0-4 years (no.)
2015,1161,ERP_P_2,Persons - 0-4 years (no.)
2016,1206,ERP_P_2,Persons - 0-4 years (no.)
2011,1323,ERP_P_3,Persons - 5-9 years (no.)
2012,1275,ERP_P_3,Persons - 5-9 years (no.)
2013,1290,ERP_P_3,Persons - 5-9 years (no.)
2014,1298,ERP_P_3,Persons - 5-9 years (no.)
2015,1284,ERP_P_3,Persons - 5-9 years (no.)
2016,1236,ERP_P_3,Persons - 5-9 years (no.)
2011,1385,ERP_P_4,Persons - 10-14 years (no.)
2012,1349,ERP_P_4,Persons - 10-14 years (no.)
2013,1295,ERP_P_4,Persons - 10-14 years (no.)
2014,1265,ERP_P_4,Persons - 10-14 years (no.)
2015,1248,ERP_P_4,Persons - 10-14 years (no.)
2016,1206,ERP_P_4,Persons - 10-14 years (no.)
2011,1371,ERP_P_5,Persons - 15-19 years (no.)
2012,1405,ERP_P_5,Persons - 15-19 years (no.)
2013,1406,ERP_P_5,Persons - 15-19 years (no.)
2014,1364,ERP_P_5,Persons - 15-19 years (no.)
2015,1339,ERP_P_5,Persons - 15-19 years (no.)
2016,1323,ERP_P_5,Persons - 15-19 years (no.)
2011,1353,ERP_P_6,Persons - 20-24 years (no.)
2012,1333,ERP_P_6,Persons - 20-24 years (no.)
2013,1340,ERP_P_6,Persons - 20-24 years (no.)
2014,1383,ERP_P_6,Persons - 20-24 years (no.)
2015,1400,ERP_P_6,Persons - 20-24 years (no.)
2016,1384,ERP_P_6,Persons - 20-24 years (no.)
2011,1182,ERP_P_7,Persons - 25-29 years (no.)
2012,1192,ERP_P_7,Persons - 25-29 years (no.)
2013,1215,ERP_P_7,Persons - 25-29 years (no.)
2014,1263,ERP_P_7,Persons - 25-29 years (no.)
2015,1287,ERP_P_7,Persons - 25-29 years (no.)
2016,1350,ERP_P_7,Persons - 25-29 years (no.)
2011,1183,ERP_P_8,Persons - 30-34 years (no.)
2012,1154,ERP_P_8,Persons - 30-34 years (no.)
2013,1119,ERP_P_8,Persons - 30-34 years (no.)
2014,1091,ERP_P_8,Persons - 30-34 years (no.)
2015,1100,ERP_P_8,Persons - 30-34 years (no.)
2016,1090,ERP_P_8,Persons - 30-34 years (no.)
2011,1089,ERP_P_9,Persons - 35-39 years (no.)
2012,1070,ERP_P_9,Persons - 35-39 years (no.)
2013,1069,ERP_P_9,Persons - 35-39 years (no.)
2014,1041,ERP_P_9,Persons - 35-39 years (no.)
2015,1025,ERP_P_9,Persons - 35-39 years (no.)
2016,1031,ERP_P_9,Persons - 35-39 years (no.)
2011,1140,ERP_P_10,Persons - 40-44 years (no.)
2012,1153,ERP_P_10,Persons - 40-44 years (no.)
2013,1156,ERP_P_10,Persons - 40-44 years (no.)
2014,1111,ERP_P_10,Persons - 40-44 years (no.)
2015,1074,ERP_P_10,Persons - 40-44 years (no.)
2016,1012,ERP_P_10,Persons - 40-44 years (no.)
2011,1165,ERP_P_11,Persons - 45-49 years (no.)
2012,1162,ERP_P_11,Persons - 45-49 years (no.)
2013,1139,ERP_P_11,Persons - 45-49 years (no.)
2014,1133,ERP_P_11,Persons - 45-49 years (no.)
2015,1101,ERP_P_11,Persons - 45-49 years (no.)
2016,1071,ERP_P_11,Persons - 45-49 years (no.)
2011,898,ERP_P_12,Persons - 50-54 years (no.)
2012,924,ERP_P_12,Persons - 50-54 years (no.)
2013,985,ERP_P_12,Persons - 50-54 years (no.)
2014,1032,ERP_P_12,Persons - 50-54 years (no.)
2015,1068,ERP_P_12,Persons - 50-54 years (no.)
2016,1094,ERP_P_12,Persons - 50-54 years (no.)
2011,723,ERP_P_13,Persons - 55-59 years (no.)
2012,761,ERP_P_13,Persons - 55-59 years (no.)
2013,772,ERP_P_13,Persons - 55-59 years (no.)
2014,819,ERP_P_13,Persons - 55-59 years (no.)
2015,876,ERP_P_13,Persons - 55-59 years (no.)
2016,912,ERP_P_13,Persons - 55-59 years (no.)
2011,624,ERP_P_14,Persons - 60-64 years (no.)
2012,604,ERP_P_14,Persons - 60-64 years (no.)
2013,636,ERP_P_14,Persons - 60-64 years (no.)
2014,650,ERP_P_14,Persons - 60-64 years (no.)
2015,658,ERP_P_14,Persons - 60-64 years (no.)
2016,705,ERP_P_14,Persons - 60-64 years (no.)
2011,462,ERP_P_15,Persons - 65-69 years (no.)
2012,522,ERP_P_15,Persons - 65-69 years (no.)
2013,551,ERP_P_15,Persons - 65-69 years (no.)
2014,569,ERP_P_15,Persons - 65-69 years (no.)
2015,561,ERP_P_15,Persons - 65-69 years (no.)
2016,553,ERP_P_15,Persons - 65-69 years (no.)
2011,295,ERP_P_16,Persons - 70-74 years (no.)
2012,307,ERP_P_16,Persons - 70-74 years (no.)
2013,305,ERP_P_16,Persons - 70-74 years (no.)
2014,331,ERP_P_16,Persons - 70-74 years (no.)
2015,356,ERP_P_16,Persons - 70-74 years (no.)
2016,390,ERP_P_16,Persons - 70-74 years (no.)
2011,147,ERP_P_17,Persons - 75-79 years (no.)
2012,165,ERP_P_17,Persons - 75-79 years (no.)
2013,174,ERP_P_17,Persons - 75-79 years (no.)
2014,193,ERP_P_17,Persons - 75-79 years (no.)
2015,217,ERP_P_17,Persons - 75-79 years (no.)
2016,229,ERP_P_17,Persons - 75-79 years (no.)
2011,77,ERP_P_18,Persons - 80-84 years (no.)
2012,82,ERP_P_18,Persons - 80-84 years (no.)
2013,100,ERP_P_18,Persons - 80-84 years (no.)
2014,102,ERP_P_18,Persons - 80-84 years (no.)
2015,111,ERP_P_18,Persons - 80-84 years (no.)
2016,121,ERP_P_18,Persons - 80-84 years (no.)
2011,47,ERP_P_19,Persons - 85 and over (no.)
2012,46,ERP_P_19,Persons - 85 and over (no.)
2013,58,ERP_P_19,Persons - 85 and over (no.)
2014,63,ERP_P_19,Persons - 85 and over (no.)
2015,70,ERP_P_19,Persons - 85 and over (no.)
2016,73,ERP_P_19,Persons - 85 and over (no.)
2011,15767,ERP_P_20,Persons - Total (no.)
2012,15784,ERP_P_20,Persons - Total (no.)
2013,15837,ERP_P_20,Persons - Total (no.)
2014,15898,ERP_P_20,Persons - Total (no.)
2015,15936,ERP_P_20,Persons - Total (no.)
2016,15986,ERP_P_20,Persons - Total (no.)
2017,16032,ERP_P_20,Persons - Total (no.)
2011,68,ERP_18,Working Age Population (aged 15-64 years)
2012,68.2,ERP_18,Working Age Population (aged 15-64 years)
2013,68.4,ERP_18,Working Age Population (aged 15-64 years)
2014,68.5,ERP_18,Working Age Population (aged 15-64 years)
2015,68.6,ERP_18,Working Age Population (aged 15-64 years)
2016,68.6,ERP_18,Working Age Population (aged 15-64 years)
2016,30.2,ERP_19,Median Age - Males (years)
2016,32.2,ERP_22,Median Age - Females (years)
2016,31.2,ERP_23,Median Age - Persons (years)
2016,3456.3,ERP_21,Population density (ERP at 30 June) (persons/km2)
2011,0.7,CENSUS_2,Aboriginal and Torres Strait Islander Peoples - Proportion of total population (%)
2016,0.7,CENSUS_2,Aboriginal and Torres Strait Islander Peoples - Proportion of total population (%)
2011,2.3,CENSUS_4,Born in Oceania and Antarctica (excluding Australia) (%)
2016,2.1,CENSUS_4,Born in Oceania and Antarctica (excluding Australia) (%)
2011,1.2,CENSUS_5,Born in North-West Europe (%)
2016,0.9,CENSUS_5,Born in North-West Europe (%)
2011,4.3,CENSUS_6,Born in Southern and Eastern Europe (%)
2016,3.6,CENSUS_6,Born in Southern and Eastern Europe (%)
2011,27.1,CENSUS_7,Born in North Africa and the Middle East (%)
2016,27.5,CENSUS_7,Born in North Africa and the Middle East (%)
2011,5.1,CENSUS_8,Born in South-East Asia (%)
2016,4.7,CENSUS_8,Born in South-East Asia (%)
2011,0.3,CENSUS_9,Born in North-East Asia (%)
2016,0.3,CENSUS_9,Born in North-East Asia (%)
2011,2.7,CENSUS_10,Born in Southern and Central Asia (%)
2016,3.8,CENSUS_10,Born in Southern and Central Asia (%)
2011,1,CENSUS_11,Born in Americas (%)
2016,0.8,CENSUS_11,Born in Americas (%)
2011,0.9,CENSUS_12,Born in Sub-Saharan Africa (%)
2016,1.2,CENSUS_12,Born in Sub-Saharan Africa (%)
2011,44.8,CENSUS_13,Total born overseas (%)
2016,44.8,CENSUS_13,Total born overseas (%)
2016,2.3,CENSUS_15,Buddhism (%)
2016,34.7,CENSUS_16,Christianity (%)
2016,1.2,CENSUS_17,Hinduism (%)
2016,41.2,CENSUS_18,Islam (%)
2016,0.9,CENSUS_20,Other Religions (%)
2016,9.9,CENSUS_21,"Secular Beliefs, Other Spiritual Beliefs and No Religious Affiliation (%)"
2016,9.8,CENSUS_22,Religious Affiliation - Inadequately described or not stated (%)
2011,15.2,CENSUS_24,Persons born overseas who arrived less than 5 years ago (%)
2016,16.8,CENSUS_24,Persons born overseas who arrived less than 5 years ago (%)
2011,14.2,CENSUS_25,Persons born overseas who arrived 5 to 10 years ago (%)
2016,13.4,CENSUS_25,Persons born overseas who arrived 5 to 10 years ago (%)
2011,65.9,CENSUS_26,Persons born overseas who arrived over 10 years ago (%)
2016,65.9,CENSUS_26,Persons born overseas who arrived over 10 years ago (%)
2011,4.7,CENSUS_27,Year of Arrival in Australia - Not stated (%)
2016,3.9,CENSUS_27,Year of Arrival in Australia - Not stated (%)
2011,83.1,CENSUS_29,Australian citizen (%)
2016,79.2,CENSUS_29,Australian citizen (%)
2011,11.2,CENSUS_30,Not an Australian citizen (%)
2016,13.9,CENSUS_30,Not an Australian citizen (%)
2011,5.7,CENSUS_31,Australian Citizenship - Not stated (%)
2016,6.8,CENSUS_31,Australian Citizenship - Not stated (%)
2011,70.4,CENSUS_33,Speaks a Language Other Than English at Home - Proportion of total population (%)
2016,69.7,CENSUS_33,Speaks a Language Other Than English at Home - Proportion of total population (%)
2013,533,CABEE_2,Number of non-employing businesses (no.)
2014,537,CABEE_2,Number of non-employing businesses (no.)
2015,574,CABEE_2,Number of non-employing businesses (no.)
2016,591,CABEE_2,Number of non-employing businesses (no.)
2017,588,CABEE_2,Number of non-employing businesses (no.)
2013,130,CABEE_3,Number of employing businesses: 1-4 employees (no.)
2014,138,CABEE_3,Number of employing businesses: 1-4 employees (no.)
2015,144,CABEE_3,Number of employing businesses: 1-4 employees (no.)
2016,139,CABEE_3,Number of employing businesses: 1-4 employees (no.)
2017,136,CABEE_3,Number of employing businesses: 1-4 employees (no.)
2013,10,CABEE_4,Number of employing businesses: 5-19 employees (no.)
2014,14,CABEE_4,Number of employing businesses: 5-19 employees (no.)
2015,15,CABEE_4,Number of employing businesses: 5-19 employees (no.)
2016,18,CABEE_4,Number of employing businesses: 5-19 employees (no.)
2017,12,CABEE_4,Number of employing businesses: 5-19 employees (no.)
2013,3,CABEE_38,Number of employing businesses: 20 or more employees (no.)
2014,3,CABEE_38,Number of employing businesses: 20 or more employees (no.)
2016,3,CABEE_38,Number of employing businesses: 20 or more employees (no.)
2017,3,CABEE_38,Number of employing businesses: 20 or more employees (no.)
2013,675,CABEE_5,Total number of businesses (no.)
2014,686,CABEE_5,Total number of businesses (no.)
2015,730,CABEE_5,Total number of businesses (no.)
2016,749,CABEE_5,Total number of businesses (no.)
2017,741,CABEE_5,Total number of businesses (no.)
2014,112,CABEE_7,Number of non employing business entries (no.)
2015,129,CABEE_7,Number of non employing business entries (no.)
2016,131,CABEE_7,Number of non employing business entries (no.)
2017,130,CABEE_7,Number of non employing business entries (no.)
2014,33,CABEE_8,Number of employing business entries: 1-4 employees (no.)
2015,21,CABEE_8,Number of employing business entries: 1-4 employees (no.)
2016,26,CABEE_8,Number of employing business entries: 1-4 employees (no.)
2017,35,CABEE_8,Number of employing business entries: 1-4 employees (no.)
2016,3,CABEE_39,Number of employing business entries: 20 or more employees (no.)
2014,151,CABEE_10,Total number of business entries (no.)
2015,148,CABEE_10,Total number of business entries (no.)
2016,160,CABEE_10,Total number of business entries (no.)
2017,163,CABEE_10,Total number of business entries (no.)
2014,97,CABEE_12,Number of non employing business exits (no.)
2015,93,CABEE_12,Number of non employing business exits (no.)
2016,102,CABEE_12,Number of non employing business exits (no.)
2017,108,CABEE_12,Number of non employing business exits (no.)
2014,21,CABEE_13,Number of employing business exits: 1-4 employees (no.)
2015,23,CABEE_13,Number of employing business exits: 1-4 employees (no.)
2016,18,CABEE_13,Number of employing business exits: 1-4 employees (no.)
2017,27,CABEE_13,Number of employing business exits: 1-4 employees (no.)
2015,3,CABEE_14,Number of employing business exits: 5-19 employees (no.)
2017,3,CABEE_14,Number of employing business exits: 5-19 employees (no.)
2014,126,CABEE_15,Total number of business exits (no.)
2015,116,CABEE_15,Total number of business exits (no.)
2016,116,CABEE_15,Total number of business exits (no.)
2017,133,CABEE_15,Total number of business exits (no.)
2013,3,CABEE_19,"Agriculture, Forestry and Fishing (no.)"
2016,3,CABEE_19,"Agriculture, Forestry and Fishing (no.)"
2017,3,CABEE_19,"Agriculture, Forestry and Fishing (no.)"
2013,21,CABEE_27,Manufacturing (no.)
2014,22,CABEE_27,Manufacturing (no.)
2015,20,CABEE_27,Manufacturing (no.)
2016,20,CABEE_27,Manufacturing (no.)
2017,24,CABEE_27,Manufacturing (no.)
2013,3,CABEE_23,"Electricity, Gas, Water & Waste Services (no.)"
2014,3,CABEE_23,"Electricity, Gas, Water & Waste Services (no.)"
2015,5,CABEE_23,"Electricity, Gas, Water & Waste Services (no.)"
2016,3,CABEE_23,"Electricity, Gas, Water & Waste Services (no.)"
2017,3,CABEE_23,"Electricity, Gas, Water & Waste Services (no.)"
2013,165,CABEE_21,Construction (no.)
2014,191,CABEE_21,Construction (no.)
2015,210,CABEE_21,Construction (no.)
2016,227,CABEE_21,Construction (no.)
2017,198,CABEE_21,Construction (no.)
2013,13,CABEE_37,Wholesale trade (no.)
2014,13,CABEE_37,Wholesale trade (no.)
2015,11,CABEE_37,Wholesale trade (no.)
2016,12,CABEE_37,Wholesale trade (no.)
2017,8,CABEE_37,Wholesale trade (no.)
2013,48,CABEE_34,Retail trade (no.)
2014,43,CABEE_34,Retail trade (no.)
2015,42,CABEE_34,Retail trade (no.)
2016,36,CABEE_34,Retail trade (no.)
2017,37,CABEE_34,Retail trade (no.)
2013,27,CABEE_17,Accommodation and food services (no.)
2014,27,CABEE_17,Accommodation and food services (no.)
2015,25,CABEE_17,Accommodation and food services (no.)
2016,30,CABEE_17,Accommodation and food services (no.)
2017,26,CABEE_17,Accommodation and food services (no.)
2013,203,CABEE_36,"Transport, Postal and Warehousing (no.)"
2014,208,CABEE_36,"Transport, Postal and Warehousing (no.)"
2015,214,CABEE_36,"Transport, Postal and Warehousing (no.)"
2016,218,CABEE_36,"Transport, Postal and Warehousing (no.)"
2017,236,CABEE_36,"Transport, Postal and Warehousing (no.)"
2013,3,CABEE_26,Information media and telecommunications (no.)
2014,3,CABEE_26,Information media and telecommunications (no.)
2015,3,CABEE_26,Information media and telecommunications (no.)
2016,3,CABEE_26,Information media and telecommunications (no.)
2017,3,CABEE_26,Information media and telecommunications (no.)
2013,11,CABEE_24,Financial and insurance services (no.)
2014,11,CABEE_24,Financial and insurance services (no.)
2015,13,CABEE_24,Financial and insurance services (no.)
2016,16,CABEE_24,Financial and insurance services (no.)
2017,15,CABEE_24,Financial and insurance services (no.)
2013,34,CABEE_33,"Rental, Hiring, & Real Estate Services (no.)"
2014,30,CABEE_33,"Rental, Hiring, & Real Estate Services (no.)"
2015,29,CABEE_33,"Rental, Hiring, & Real Estate Services (no.)"
2016,26,CABEE_33,"Rental, Hiring, & Real Estate Services (no.)"
2017,29,CABEE_33,"Rental, Hiring, & Real Estate Services (no.)"
2013,24,CABEE_31,Professional Scientific & Technical Services (no.)
2014,23,CABEE_31,Professional Scientific & Technical Services (no.)
2015,22,CABEE_31,Professional Scientific & Technical Services (no.)
2016,21,CABEE_31,Professional Scientific & Technical Services (no.)
2017,20,CABEE_31,Professional Scientific & Technical Services (no.)
2013,48,CABEE_18,Administrative and support services (no.)
2014,41,CABEE_18,Administrative and support services (no.)
2015,49,CABEE_18,Administrative and support services (no.)
2016,54,CABEE_18,Administrative and support services (no.)
2017,50,CABEE_18,Administrative and support services (no.)
2013,6,CABEE_32,Public administration and safety (no.)
2014,3,CABEE_32,Public administration and safety (no.)
2015,5,CABEE_32,Public administration and safety (no.)
2016,5,CABEE_32,Public administration and safety (no.)
2017,11,CABEE_32,Public administration and safety (no.)
2013,4,CABEE_22,Education and training (no.)
2014,9,CABEE_22,Education and training (no.)
2015,10,CABEE_22,Education and training (no.)
2016,7,CABEE_22,Education and training (no.)
2017,12,CABEE_22,Education and training (no.)
2013,13,CABEE_25,Health care and social assistance (no.)
2014,20,CABEE_25,Health care and social assistance (no.)
2015,23,CABEE_25,Health care and social assistance (no.)
2016,22,CABEE_25,Health care and social assistance (no.)
2017,27,CABEE_25,Health care and social assistance (no.)
2013,3,CABEE_20,Arts and recreation services (no.)
2014,3,CABEE_20,Arts and recreation services (no.)
2015,3,CABEE_20,Arts and recreation services (no.)
2016,3,CABEE_20,Arts and recreation services (no.)
2017,3,CABEE_20,Arts and recreation services (no.)
2013,34,CABEE_30,Other services (no.)
2014,32,CABEE_30,Other services (no.)
2015,29,CABEE_30,Other services (no.)
2016,28,CABEE_30,Other services (no.)
2017,32,CABEE_30,Other services (no.)
2013,21,CABEE_29,Currently unknown (no.)
2014,11,CABEE_29,Currently unknown (no.)
2015,13,CABEE_29,Currently unknown (no.)
2016,10,CABEE_29,Currently unknown (no.)
2017,13,CABEE_29,Currently unknown (no.)
2013,675,CABEE_35,Number of Businesses by Industry - Total (no.)
2014,686,CABEE_35,Number of Businesses by Industry - Total (no.)
2015,730,CABEE_35,Number of Businesses by Industry - Total (no.)
2016,749,CABEE_35,Number of Businesses by Industry - Total (no.)
2017,741,CABEE_35,Number of Businesses by Industry - Total (no.)
2012,22,BUILDING_2,Private sector houses (no.)
2013,18,BUILDING_2,Private sector houses (no.)
2014,13,BUILDING_2,Private sector houses (no.)
2015,19,BUILDING_2,Private sector houses (no.)
2016,21,BUILDING_2,Private sector houses (no.)
2017,14,BUILDING_2,Private sector houses (no.)
2012,1,BUILDING_3,Private sector dwellings excluding houses (no.)
2013,4,BUILDING_3,Private sector dwellings excluding houses (no.)
2014,5,BUILDING_3,Private sector dwellings excluding houses (no.)
2015,11,BUILDING_3,Private sector dwellings excluding houses (no.)
2016,14,BUILDING_3,Private sector dwellings excluding houses (no.)
2017,10,BUILDING_3,Private sector dwellings excluding houses (no.)
2012,23,BUILDING_12,Total private sector dwelling units (no.)
2013,22,BUILDING_12,Total private sector dwelling units (no.)
2014,18,BUILDING_12,Total private sector dwelling units (no.)
2015,30,BUILDING_12,Total private sector dwelling units (no.)
2016,35,BUILDING_12,Total private sector dwelling units (no.)
2017,24,BUILDING_12,Total private sector dwelling units (no.)
2012,23,BUILDING_4,Total dwelling units (no.)
2013,23,BUILDING_4,Total dwelling units (no.)
2014,18,BUILDING_4,Total dwelling units (no.)
2015,30,BUILDING_4,Total dwelling units (no.)
2016,35,BUILDING_4,Total dwelling units (no.)
2017,24,BUILDING_4,Total dwelling units (no.)
2012,4,BUILDING_5,Value of private sector houses ($m)
2013,4,BUILDING_5,Value of private sector houses ($m)
2014,3,BUILDING_5,Value of private sector houses ($m)
2015,4,BUILDING_5,Value of private sector houses ($m)
2016,4,BUILDING_5,Value of private sector houses ($m)
2017,4,BUILDING_5,Value of private sector houses ($m)
2012,0,BUILDING_6,Value of private sector dwellings excluding houses ($m)
2013,1,BUILDING_6,Value of private sector dwellings excluding houses ($m)
2014,1,BUILDING_6,Value of private sector dwellings excluding houses ($m)
2015,2,BUILDING_6,Value of private sector dwellings excluding houses ($m)
2016,2,BUILDING_6,Value of private sector dwellings excluding houses ($m)
2017,2,BUILDING_6,Value of private sector dwellings excluding houses ($m)
2012,5,BUILDING_7,Total value of private sector dwelling units ($m)
2013,4,BUILDING_7,Total value of private sector dwelling units ($m)
2014,4,BUILDING_7,Total value of private sector dwelling units ($m)
2015,6,BUILDING_7,Total value of private sector dwelling units ($m)
2016,6,BUILDING_7,Total value of private sector dwelling units ($m)
2017,6,BUILDING_7,Total value of private sector dwelling units ($m)
2012,5,BUILDING_8,Value of residential building ($m)
2013,4,BUILDING_8,Value of residential building ($m)
2014,4,BUILDING_8,Value of residential building ($m)
2015,7,BUILDING_8,Value of residential building ($m)
2016,6,BUILDING_8,Value of residential building ($m)
2017,7,BUILDING_8,Value of residential building ($m)
2013,0,BUILDING_9,Value of non-residential building ($m)
2014,1,BUILDING_9,Value of non-residential building ($m)
2017,1,BUILDING_9,Value of non-residential building ($m)
2012,5,BUILDING_10,Value of total building ($m)
2013,4,BUILDING_10,Value of total building ($m)
2014,5,BUILDING_10,Value of total building ($m)
2015,7,BUILDING_10,Value of total building ($m)
2016,6,BUILDING_10,Value of total building ($m)
2017,7,BUILDING_10,Value of total building ($m)
2014,131,HOUSES_2,Houses - number of transfers (no.)
2015,157,HOUSES_2,Houses - number of transfers (no.)
2016,174,HOUSES_2,Houses - number of transfers (no.)
2014,322000,HOUSES_3,Houses - median sale price ($)
2015,335000,HOUSES_3,Houses - median sale price ($)
2016,360000,HOUSES_3,Houses - median sale price ($)
2014,19,HOUSES_4,Attached Dwellings - number of transfers (no.)
2015,28,HOUSES_4,Attached Dwellings - number of transfers (no.)
2016,45,HOUSES_4,Attached Dwellings - number of transfers (no.)
2014,268000,HOUSES_5,Attached Dwellings - median sale price ($)
2015,276500,HOUSES_5,Attached Dwellings - median sale price ($)
2016,289000,HOUSES_5,Attached Dwellings - median sale price ($)
2011,7242,MVC_14,Passenger vehicles (no.)
2012,7735,MVC_14,Passenger vehicles (no.)
2013,7827,MVC_14,Passenger vehicles (no.)
2014,7999,MVC_14,Passenger vehicles (no.)
2015,8154,MVC_14,Passenger vehicles (no.)
2016,8262,MVC_14,Passenger vehicles (no.)
2011,5,MVC_15,Campervans (no.)
2012,7,MVC_15,Campervans (no.)
2013,6,MVC_15,Campervans (no.)
2014,6,MVC_15,Campervans (no.)
2015,11,MVC_15,Campervans (no.)
2016,17,MVC_15,Campervans (no.)
2011,756,MVC_16,Light commercial vehicles (no.)
2012,826,MVC_16,Light commercial vehicles (no.)
2013,860,MVC_16,Light commercial vehicles (no.)
2014,845,MVC_16,Light commercial vehicles (no.)
2015,876,MVC_16,Light commercial vehicles (no.)
2016,955,MVC_16,Light commercial vehicles (no.)
2011,46,MVC_17,Light rigid trucks (no.)
2012,46,MVC_17,Light rigid trucks (no.)
2013,50,MVC_17,Light rigid trucks (no.)
2014,55,MVC_17,Light rigid trucks (no.)
2015,58,MVC_17,Light rigid trucks (no.)
2016,60,MVC_17,Light rigid trucks (no.)
2011,136,MVC_18,Heavy rigid trucks (no.)
2012,144,MVC_18,Heavy rigid trucks (no.)
2013,126,MVC_18,Heavy rigid trucks (no.)
2014,143,MVC_18,Heavy rigid trucks (no.)
2015,152,MVC_18,Heavy rigid trucks (no.)
2016,142,MVC_18,Heavy rigid trucks (no.)
2011,16,MVC_19,Articulated trucks (no.)
2012,17,MVC_19,Articulated trucks (no.)
2013,18,MVC_19,Articulated trucks (no.)
2014,19,MVC_19,Articulated trucks (no.)
2015,22,MVC_19,Articulated trucks (no.)
2016,27,MVC_19,Articulated trucks (no.)
2011,9,MVC_20,Non-freight carrying trucks (no.)
2012,12,MVC_20,Non-freight carrying trucks (no.)
2013,10,MVC_20,Non-freight carrying trucks (no.)
2014,12,MVC_20,Non-freight carrying trucks (no.)
2015,8,MVC_20,Non-freight carrying trucks (no.)
2016,11,MVC_20,Non-freight carrying trucks (no.)
2011,42,MVC_21,Buses (no.)
2012,49,MVC_21,Buses (no.)
2013,45,MVC_21,Buses (no.)
2014,51,MVC_21,Buses (no.)
2015,58,MVC_21,Buses (no.)
2016,56,MVC_21,Buses (no.)
2011,184,MVC_22,Motorcycles (no.)
2012,171,MVC_22,Motorcycles (no.)
2013,183,MVC_22,Motorcycles (no.)
2014,187,MVC_22,Motorcycles (no.)
2015,179,MVC_22,Motorcycles (no.)
2016,191,MVC_22,Motorcycles (no.)
2011,8436,MVC_38,Total Registered Motor Vehicles (no.)
2012,9007,MVC_38,Total Registered Motor Vehicles (no.)
2013,9125,MVC_38,Total Registered Motor Vehicles (no.)
2014,9317,MVC_38,Total Registered Motor Vehicles (no.)
2015,9518,MVC_38,Total Registered Motor Vehicles (no.)
2016,9721,MVC_38,Total Registered Motor Vehicles (no.)
2011,7096,MVC_29,Petrol (no.)
2012,7583,MVC_29,Petrol (no.)
2013,7655,MVC_29,Petrol (no.)
2014,7775,MVC_29,Petrol (no.)
2015,7881,MVC_29,Petrol (no.)
2016,8010,MVC_29,Petrol (no.)
2011,523,MVC_30,Diesel (no.)
2012,572,MVC_30,Diesel (no.)
2013,633,MVC_30,Diesel (no.)
2014,747,MVC_30,Diesel (no.)
2015,883,MVC_30,Diesel (no.)
2016,1031,MVC_30,Diesel (no.)
2011,817,MVC_31,LPG/Dual/Other (no.)
2012,852,MVC_31,LPG/Dual/Other (no.)
2013,851,MVC_31,LPG/Dual/Other (no.)
2014,809,MVC_31,LPG/Dual/Other (no.)
2015,757,MVC_31,LPG/Dual/Other (no.)
2016,687,MVC_31,LPG/Dual/Other (no.)
2013,1250,MVC_35,Less than 5 years (no.)
2014,1274,MVC_35,Less than 5 years (no.)
2015,1207,MVC_35,Less than 5 years (no.)
2016,1348,MVC_35,Less than 5 years (no.)
2013,2458,MVC_36,5 to 10 years (no.)
2014,2429,MVC_36,5 to 10 years (no.)
2015,2570,MVC_36,5 to 10 years (no.)
2016,2498,MVC_36,5 to 10 years (no.)
2013,5421,MVC_37,Over 10 years (no.)
2014,5620,MVC_37,Over 10 years (no.)
2015,5742,MVC_37,Over 10 years (no.)
2016,5877,MVC_37,Over 10 years (no.)
2011,0.1,EMP_IND_2,"Agriculture, Forestry and Fishing (%)"
2016,0.4,EMP_IND_2,"Agriculture, Forestry and Fishing (%)"
2011,0.2,EMP_IND_3,Mining (%)
2016,0.2,EMP_IND_3,Mining (%)
2011,18.9,EMP_IND_4,Manufacturing  (%)
2016,12,EMP_IND_4,Manufacturing  (%)
2011,0.8,EMP_IND_5,"Electricity, Gas, Water & Waste Services (%)"
2016,0.6,EMP_IND_5,"Electricity, Gas, Water & Waste Services (%)"
2011,9.2,EMP_IND_6,Construction (%)
2016,8.9,EMP_IND_6,Construction (%)
2011,3.9,EMP_IND_7,Wholesale trade (%)
2016,2.8,EMP_IND_7,Wholesale trade (%)
2011,11.4,EMP_IND_8,Retail trade (%)
2016,11.2,EMP_IND_8,Retail trade (%)
2011,6.1,EMP_IND_9,Accommodation and food services (%)
2016,6.6,EMP_IND_9,Accommodation and food services (%)
2011,10.2,EMP_IND_10,"Transport, Postal and Warehousing (%)"
2016,10.2,EMP_IND_10,"Transport, Postal and Warehousing (%)"
2011,1.2,EMP_IND_11,Information media and telecommunications (%)
2016,1,EMP_IND_11,Information media and telecommunications (%)
2011,2.9,EMP_IND_12,Financial and insurance services (%)
2016,2.5,EMP_IND_12,Financial and insurance services (%)
2011,1,EMP_IND_13,"Rental, Hiring, & Real Estate Services (%)"
2016,1,EMP_IND_13,"Rental, Hiring, & Real Estate Services (%)"
2011,2.8,EMP_IND_14,Professional Scientific & Technical Services (%)
2016,3.3,EMP_IND_14,Professional Scientific & Technical Services (%)
2011,4.7,EMP_IND_15,Administrative and support services (%)
2016,4.4,EMP_IND_15,Administrative and support services (%)
2011,4.1,EMP_IND_16,Public administration and safety (%)
2016,4.5,EMP_IND_16,Public administration and safety (%)
2011,5.3,EMP_IND_17,Education and training (%)
2016,7.1,EMP_IND_17,Education and training (%)
2011,8.3,EMP_IND_18,Health care and social assistance (%)
2016,11,EMP_IND_18,Health care and social assistance (%)
2011,0.6,EMP_IND_19,Arts and recreation services (%)
2016,0.8,EMP_IND_19,Arts and recreation services (%)
2011,4,EMP_IND_20,Other services (%)
2016,3.3,EMP_IND_20,Other services (%)
2011,4376,EMP_IND_21,Total persons employed (no.)
2016,4308,EMP_IND_21,Total persons employed (no.)
2011,4738,INCOME_4,Employee income earners (no.)
2012,4794,INCOME_4,Employee income earners (no.)
2013,4891,INCOME_4,Employee income earners (no.)
2014,4888,INCOME_4,Employee income earners (no.)
2015,5071,INCOME_4,Employee income earners (no.)
2011,35,INCOME_20,Employee income earners - median age (years)
2012,35,INCOME_20,Employee income earners - median age (years)
2013,35,INCOME_20,Employee income earners - median age (years)
2014,35,INCOME_20,Employee income earners - median age (years)
2015,35,INCOME_20,Employee income earners - median age (years)
2011,171568619,INCOME_3,Total employee income ($)
2012,179605597,INCOME_3,Total employee income ($)
2013,185651536,INCOME_3,Total employee income ($)
2014,185928904,INCOME_3,Total employee income ($)
2015,197130229,INCOME_3,Total employee income ($)
2011,34015,INCOME_2,Median employee income ($)
2012,35114,INCOME_2,Median employee income ($)
2013,35023,INCOME_2,Median employee income ($)
2014,35834,INCOME_2,Median employee income ($)
2015,36140,INCOME_2,Median employee income ($)
2011,36211,INCOME_21,Mean employee income ($)
2012,37465,INCOME_21,Mean employee income ($)
2013,37958,INCOME_21,Mean employee income ($)
2014,38038,INCOME_21,Mean employee income ($)
2015,38874,INCOME_21,Mean employee income ($)
2011,81,INCOME_22,Employee income as main source of income (%)
2012,81,INCOME_22,Employee income as main source of income (%)
2013,80.1,INCOME_22,Employee income as main source of income (%)
2014,79,INCOME_22,Employee income as main source of income (%)
2015,77.1,INCOME_22,Employee income as main source of income (%)
2011,852,INCOME_7,Own unincorporated business income earners (no.)
2012,841,INCOME_7,Own unincorporated business income earners (no.)
2013,865,INCOME_7,Own unincorporated business income earners (no.)
2014,949,INCOME_7,Own unincorporated business income earners (no.)
2015,1049,INCOME_7,Own unincorporated business income earners (no.)
2011,41,INCOME_23,Own unincorporated business income earners - median age (years)
2012,41,INCOME_23,Own unincorporated business income earners - median age (years)
2013,41,INCOME_23,Own unincorporated business income earners - median age (years)
2014,40,INCOME_23,Own unincorporated business income earners - median age (years)
2015,40,INCOME_23,Own unincorporated business income earners - median age (years)
2011,14933483,INCOME_6,Total own unincorporated business income ($)
2012,13888387,INCOME_6,Total own unincorporated business income ($)
2013,14797055,INCOME_6,Total own unincorporated business income ($)
2014,16539550,INCOME_6,Total own unincorporated business income ($)
2015,18202432,INCOME_6,Total own unincorporated business income ($)
2011,15586,INCOME_5,Median own unincorporated business income ($)
2012,14793,INCOME_5,Median own unincorporated business income ($)
2013,15444,INCOME_5,Median own unincorporated business income ($)
2014,15966,INCOME_5,Median own unincorporated business income ($)
2015,16258,INCOME_5,Median own unincorporated business income ($)
2011,17528,INCOME_24,Mean own unincorporated business income ($)
2012,16514,INCOME_24,Mean own unincorporated business income ($)
2013,17106,INCOME_24,Mean own unincorporated business income ($)
2014,17428,INCOME_24,Mean own unincorporated business income ($)
2015,17352,INCOME_24,Mean own unincorporated business income ($)
2011,12.5,INCOME_25,Own unincorporated business income as main source of income (%)
2012,12,INCOME_25,Own unincorporated business income as main source of income (%)
2013,12.5,INCOME_25,Own unincorporated business income as main source of income (%)
2014,13.7,INCOME_25,Own unincorporated business income as main source of income (%)
2015,15,INCOME_25,Own unincorporated business income as main source of income (%)
2011,2002,INCOME_10,Investment income earners (no.)
2012,2182,INCOME_10,Investment income earners (no.)
2013,2259,INCOME_10,Investment income earners (no.)
2014,2342,INCOME_10,Investment income earners (no.)
2015,2581,INCOME_10,Investment income earners (no.)
2011,41,INCOME_26,Investment income earners - median age (years)
2012,41,INCOME_26,Investment income earners - median age (years)
2013,40,INCOME_26,Investment income earners - median age (years)
2014,40,INCOME_26,Investment income earners - median age (years)
2015,40,INCOME_26,Investment income earners - median age (years)
2011,4728426,INCOME_9,Total investment income ($)
2012,4985600,INCOME_9,Total investment income ($)
2013,5517796,INCOME_9,Total investment income ($)
2014,5535956,INCOME_9,Total investment income ($)
2015,6371711,INCOME_9,Total investment income ($)
2011,173,INCOME_8,Median investment income ($)
2012,154,INCOME_8,Median investment income ($)
2013,136,INCOME_8,Median investment income ($)
2014,122,INCOME_8,Median investment income ($)
2015,100,INCOME_8,Median investment income ($)
2011,2362,INCOME_27,Mean investment income ($)
2012,2285,INCOME_27,Mean investment income ($)
2013,2443,INCOME_27,Mean investment income ($)
2014,2364,INCOME_27,Mean investment income ($)
2015,2469,INCOME_27,Mean investment income ($)
2011,5.3,INCOME_28,Investment income as main source of income (%)
2012,5.7,INCOME_28,Investment income as main source of income (%)
2013,5.7,INCOME_28,Investment income as main source of income (%)
2014,5.6,INCOME_28,Investment income as main source of income (%)
2015,6.5,INCOME_28,Investment income as main source of income (%)
2011,72,INCOME_13,Superannuation and annuity income earners (no.)
2012,79,INCOME_13,Superannuation and annuity income earners (no.)
2013,88,INCOME_13,Superannuation and annuity income earners (no.)
2014,98,INCOME_13,Superannuation and annuity income earners (no.)
2015,106,INCOME_13,Superannuation and annuity income earners (no.)
2011,50,INCOME_29,Superannuation and annuity income earners - median age (years)
2012,50,INCOME_29,Superannuation and annuity income earners - median age (years)
2013,53,INCOME_29,Superannuation and annuity income earners - median age (years)
2014,51,INCOME_29,Superannuation and annuity income earners - median age (years)
2015,51,INCOME_29,Superannuation and annuity income earners - median age (years)
2011,1024598,INCOME_12,Total superannuation and annuity income ($)
2012,2130537,INCOME_12,Total superannuation and annuity income ($)
2013,1393921,INCOME_12,Total superannuation and annuity income ($)
2014,1225425,INCOME_12,Total superannuation and annuity income ($)
2015,1841810,INCOME_12,Total superannuation and annuity income ($)
2011,8382,INCOME_11,Median superannuation and annuity income ($)
2012,11123,INCOME_11,Median superannuation and annuity income ($)
2013,10000,INCOME_11,Median superannuation and annuity income ($)
2014,9907,INCOME_11,Median superannuation and annuity income ($)
2015,9961,INCOME_11,Median superannuation and annuity income ($)
2011,14231,INCOME_30,Mean superannuation and annuity income ($)
2012,26969,INCOME_30,Mean superannuation and annuity income ($)
2013,15840,INCOME_30,Mean superannuation and annuity income ($)
2014,12504,INCOME_30,Mean superannuation and annuity income ($)
2015,17376,INCOME_30,Mean superannuation and annuity income ($)
2011,0.7,INCOME_31,Superannuation and annuity income as main source of income (%)
2012,0.9,INCOME_31,Superannuation and annuity income as main source of income (%)
2013,0.9,INCOME_31,Superannuation and annuity income as main source of income (%)
2014,1.1,INCOME_31,Superannuation and annuity income as main source of income (%)
2015,1.1,INCOME_31,Superannuation and annuity income as main source of income (%)
2011,225,INCOME_16,Other income earners (excl. Government pensions and allowances) (no.)
2012,285,INCOME_16,Other income earners (excl. Government pensions and allowances) (no.)
2013,278,INCOME_16,Other income earners (excl. Government pensions and allowances) (no.)
2014,277,INCOME_16,Other income earners (excl. Government pensions and allowances) (no.)
2015,251,INCOME_16,Other income earners (excl. Government pensions and allowances) (no.)
2011,42,INCOME_32,Other income earners (excl. Government pensions and allowances) - median age (years)
2012,43,INCOME_32,Other income earners (excl. Government pensions and allowances) - median age (years)
2013,41,INCOME_32,Other income earners (excl. Government pensions and allowances) - median age (years)
2014,43,INCOME_32,Other income earners (excl. Government pensions and allowances) - median age (years)
2015,43,INCOME_32,Other income earners (excl. Government pensions and allowances) - median age (years)
2011,546406,INCOME_15,Total other income (excl. Government pensions and allowances) ($)
2012,560728,INCOME_15,Total other income (excl. Government pensions and allowances) ($)
2013,608861,INCOME_15,Total other income (excl. Government pensions and allowances) ($)
2014,621931,INCOME_15,Total other income (excl. Government pensions and allowances) ($)
2015,693836,INCOME_15,Total other income (excl. Government pensions and allowances) ($)
2011,99,INCOME_14,Median other income (excl. Government pensions and allowances) ($)
2012,87,INCOME_14,Median other income (excl. Government pensions and allowances) ($)
2013,75,INCOME_14,Median other income (excl. Government pensions and allowances) ($)
2014,78,INCOME_14,Median other income (excl. Government pensions and allowances) ($)
2015,72,INCOME_14,Median other income (excl. Government pensions and allowances) ($)
2011,2428,INCOME_33,Mean other income (excl. Government pensions and allowances) ($)
2012,1967,INCOME_33,Mean other income (excl. Government pensions and allowances) ($)
2013,2190,INCOME_33,Mean other income (excl. Government pensions and allowances) ($)
2014,2245,INCOME_33,Mean other income (excl. Government pensions and allowances) ($)
2015,2764,INCOME_33,Mean other income (excl. Government pensions and allowances) ($)
2011,0.4,INCOME_34,Other income (excl. Government pensions and allowances) as main source of income (%)
2012,0.4,INCOME_34,Other income (excl. Government pensions and allowances) as main source of income (%)
2013,0.4,INCOME_34,Other income (excl. Government pensions and allowances) as main source of income (%)
2014,0.4,INCOME_34,Other income (excl. Government pensions and allowances) as main source of income (%)
2015,0.4,INCOME_34,Other income (excl. Government pensions and allowances) as main source of income (%)
2011,5217,INCOME_19,Total income earners (excl. Government pensions and allowances) (no.)
2012,5206,INCOME_19,Total income earners (excl. Government pensions and allowances) (no.)
2013,5171,INCOME_19,Total income earners (excl. Government pensions and allowances) (no.)
2014,5244,INCOME_19,Total income earners (excl. Government pensions and allowances) (no.)
2015,5484,INCOME_19,Total income earners (excl. Government pensions and allowances) (no.)
2011,37,INCOME_35,Total income earners (excl. Government pensions and allowances) - median age (years)
2012,38,INCOME_35,Total income earners (excl. Government pensions and allowances) - median age (years)
2013,38,INCOME_35,Total income earners (excl. Government pensions and allowances) - median age (years)
2014,38,INCOME_35,Total income earners (excl. Government pensions and allowances) - median age (years)
2015,38,INCOME_35,Total income earners (excl. Government pensions and allowances) - median age (years)
2011,188461854,INCOME_18,Total income (excl. Government pensions and allowances) ($)
2012,195526120,INCOME_18,Total income (excl. Government pensions and allowances) ($)
2013,200350783,INCOME_18,Total income (excl. Government pensions and allowances) ($)
2014,201178235,INCOME_18,Total income (excl. Government pensions and allowances) ($)
2015,212705214,INCOME_18,Total income (excl. Government pensions and allowances) ($)
2011,32638,INCOME_17,Median total income (excl. Government pensions and allowances) ($)
2012,34045,INCOME_17,Median total income (excl. Government pensions and allowances) ($)
2013,34950,INCOME_17,Median total income (excl. Government pensions and allowances) ($)
2014,35044,INCOME_17,Median total income (excl. Government pensions and allowances) ($)
2015,35019,INCOME_17,Median total income (excl. Government pensions and allowances) ($)
2011,36125,INCOME_36,Mean total income (excl. Government pensions and allowances) ($)
2012,37558,INCOME_36,Mean total income (excl. Government pensions and allowances) ($)
2013,38745,INCOME_36,Mean total income (excl. Government pensions and allowances) ($)
2014,38364,INCOME_36,Mean total income (excl. Government pensions and allowances) ($)
2015,38787,INCOME_36,Mean total income (excl. Government pensions and allowances) ($)
2011,4.25,INCOME_37,Total income (excl. Government pensions and allowances) - P80/P20 ratio
2012,4.06,INCOME_37,Total income (excl. Government pensions and allowances) - P80/P20 ratio
2013,3.95,INCOME_37,Total income (excl. Government pensions and allowances) - P80/P20 ratio
2014,3.97,INCOME_37,Total income (excl. Government pensions and allowances) - P80/P20 ratio
2015,4.13,INCOME_37,Total income (excl. Government pensions and allowances) - P80/P20 ratio
2011,1.7,INCOME_38,Total income (excl. Government pensions and allowances) - P80/P50 ratio
2012,1.71,INCOME_38,Total income (excl. Government pensions and allowances) - P80/P50 ratio
2013,1.72,INCOME_38,Total income (excl. Government pensions and allowances) - P80/P50 ratio
2014,1.67,INCOME_38,Total income (excl. Government pensions and allowances) - P80/P50 ratio
2015,1.72,INCOME_38,Total income (excl. Government pensions and allowances) - P80/P50 ratio
2011,0.4,INCOME_39,Total income (excl. Government pensions and allowances) - P20/P50 ratio
2012,0.42,INCOME_39,Total income (excl. Government pensions and allowances) - P20/P50 ratio
2013,0.43,INCOME_39,Total income (excl. Government pensions and allowances) - P20/P50 ratio
2014,0.42,INCOME_39,Total income (excl. Government pensions and allowances) - P20/P50 ratio
2015,0.42,INCOME_39,Total income (excl. Government pensions and allowances) - P20/P50 ratio
2011,0.2,INCOME_40,Total income (excl. Government pensions and allowances) - P10/P50 ratio
2012,0.23,INCOME_40,Total income (excl. Government pensions and allowances) - P10/P50 ratio
2013,0.23,INCOME_40,Total income (excl. Government pensions and allowances) - P10/P50 ratio
2014,0.22,INCOME_40,Total income (excl. Government pensions and allowances) - P10/P50 ratio
2015,0.21,INCOME_40,Total income (excl. Government pensions and allowances) - P10/P50 ratio
2011,0.395,INCOME_41,Total income (excl. Government pensions and allowances) - Gini coefficient
2012,0.39,INCOME_41,Total income (excl. Government pensions and allowances) - Gini coefficient
2013,0.389,INCOME_41,Total income (excl. Government pensions and allowances) - Gini coefficient
2014,0.392,INCOME_41,Total income (excl. Government pensions and allowances) - Gini coefficient
2015,0.399,INCOME_41,Total income (excl. Government pensions and allowances) - Gini coefficient
2011,4.2,INCOME_42,Total income (excl. Government pensions and allowances) - Income share of top 1% of earners
2012,4.3,INCOME_42,Total income (excl. Government pensions and allowances) - Income share of top 1% of earners
2013,4,INCOME_42,Total income (excl. Government pensions and allowances) - Income share of top 1% of earners
2014,3.9,INCOME_42,Total income (excl. Government pensions and allowances) - Income share of top 1% of earners
2015,4,INCOME_42,Total income (excl. Government pensions and allowances) - Income share of top 1% of earners
2011,14.5,INCOME_43,Total income (excl. Government pensions and allowances) - Income share of top 5% of earners
2012,14.6,INCOME_43,Total income (excl. Government pensions and allowances) - Income share of top 5% of earners
2013,14.4,INCOME_43,Total income (excl. Government pensions and allowances) - Income share of top 5% of earners
2014,14.4,INCOME_43,Total income (excl. Government pensions and allowances) - Income share of top 5% of earners
2015,14.7,INCOME_43,Total income (excl. Government pensions and allowances) - Income share of top 5% of earners
2011,24.9,INCOME_44,Total income (excl. Government pensions and allowances) - Income share of top 10% of earners
2012,24.8,INCOME_44,Total income (excl. Government pensions and allowances) - Income share of top 10% of earners
2013,24.6,INCOME_44,Total income (excl. Government pensions and allowances) - Income share of top 10% of earners
2014,24.7,INCOME_44,Total income (excl. Government pensions and allowances) - Income share of top 10% of earners
2015,25.1,INCOME_44,Total income (excl. Government pensions and allowances) - Income share of top 10% of earners
2011,28.8,INCOME_45,Total income (excl. Government pensions and allowances) - Lowest Quartile (%)
2012,29.5,INCOME_45,Total income (excl. Government pensions and allowances) - Lowest Quartile (%)
2013,31.5,INCOME_45,Total income (excl. Government pensions and allowances) - Lowest Quartile (%)
2014,32.5,INCOME_45,Total income (excl. Government pensions and allowances) - Lowest Quartile (%)
2015,32.8,INCOME_45,Total income (excl. Government pensions and allowances) - Lowest Quartile (%)
2011,33,INCOME_46,Total income (excl. Government pensions and allowances) - Second Quartile (%)
2012,33.6,INCOME_46,Total income (excl. Government pensions and allowances) - Second Quartile (%)
2013,32.2,INCOME_46,Total income (excl. Government pensions and allowances) - Second Quartile (%)
2014,32.7,INCOME_46,Total income (excl. Government pensions and allowances) - Second Quartile (%)
2015,32.8,INCOME_46,Total income (excl. Government pensions and allowances) - Second Quartile (%)
2011,27.3,INCOME_47,Total income (excl. Government pensions and allowances) - Third Quartile (%)
2012,27.3,INCOME_47,Total income (excl. Government pensions and allowances) - Third Quartile (%)
2013,27,INCOME_47,Total income (excl. Government pensions and allowances) - Third Quartile (%)
2014,26.3,INCOME_47,Total income (excl. Government pensions and allowances) - Third Quartile (%)
2015,26,INCOME_47,Total income (excl. Government pensions and allowances) - Third Quartile (%)
2011,10.9,INCOME_48,Total income (excl. Government pensions and allowances) - Highest Quartile (%)
2012,9.6,INCOME_48,Total income (excl. Government pensions and allowances) - Highest Quartile (%)
2013,9.3,INCOME_48,Total income (excl. Government pensions and allowances) - Highest Quartile (%)
2014,8.4,INCOME_48,Total income (excl. Government pensions and allowances) - Highest Quartile (%)
2015,8.4,INCOME_48,Total income (excl. Government pensions and allowances) - Highest Quartile (%)
2011,69,CAPGAINS_1,Gross Capital Gains reported by taxpayers - Persons (no.)
2012,44,CAPGAINS_1,Gross Capital Gains reported by taxpayers - Persons (no.)
2013,60,CAPGAINS_1,Gross Capital Gains reported by taxpayers - Persons (no.)
2014,57,CAPGAINS_1,Gross Capital Gains reported by taxpayers - Persons (no.)
2015,79,CAPGAINS_1,Gross Capital Gains reported by taxpayers - Persons (no.)
2011,1.4,CAPGAINS_2,Gross Capital Gains reported by taxpayers - Amount ($m)
2012,1.3,CAPGAINS_2,Gross Capital Gains reported by taxpayers - Amount ($m)
2013,0.9,CAPGAINS_2,Gross Capital Gains reported by taxpayers - Amount ($m)
2014,1.9,CAPGAINS_2,Gross Capital Gains reported by taxpayers - Amount ($m)
2015,1.8,CAPGAINS_2,Gross Capital Gains reported by taxpayers - Amount ($m)
2011,6416,CAPGAINS_3,Gross Capital Gains reported by taxpayers  - Median ($)
2012,9096,CAPGAINS_3,Gross Capital Gains reported by taxpayers  - Median ($)
2013,2098,CAPGAINS_3,Gross Capital Gains reported by taxpayers  - Median ($)
2014,9290,CAPGAINS_3,Gross Capital Gains reported by taxpayers  - Median ($)
2015,9250,CAPGAINS_3,Gross Capital Gains reported by taxpayers  - Median ($)
2011,20895,CAPGAINS_4,Gross Capital Gains reported by taxpayers - Mean ($)
2012,28557,CAPGAINS_4,Gross Capital Gains reported by taxpayers - Mean ($)
2013,15075,CAPGAINS_4,Gross Capital Gains reported by taxpayers - Mean ($)
2014,33466,CAPGAINS_4,Gross Capital Gains reported by taxpayers - Mean ($)
2015,22315,CAPGAINS_4,Gross Capital Gains reported by taxpayers - Mean ($)
2015,1159,PENSION_2,Age Pension - Centrelink (no.)
2016,1208,PENSION_2,Age Pension - Centrelink (no.)
2017,1296,PENSION_2,Age Pension - Centrelink (no.)
2015,811,PENSION_6,Carer Payment (no.)
2016,863,PENSION_6,Carer Payment (no.)
2017,892,PENSION_6,Carer Payment (no.)
2015,1183,PENSION_7,Disability Support Pension (no.)
2016,1119,PENSION_7,Disability Support Pension (no.)
2017,1064,PENSION_7,Disability Support Pension (no.)
2015,1143,PENSION_8,Newstart Allowance (no.)
2016,1154,PENSION_8,Newstart Allowance (no.)
2017,1257,PENSION_8,Newstart Allowance (no.)
2015,279,PENSION_10,Parenting Payment - Single (no.)
2016,258,PENSION_10,Parenting Payment - Single (no.)
2017,253,PENSION_10,Parenting Payment - Single (no.)
2015,417,PENSION_11,Youth Allowance (Full time students/apprentices) (no.)
2016,422,PENSION_11,Youth Allowance (Full time students/apprentices) (no.)
2017,373,PENSION_11,Youth Allowance (Full time students/apprentices) (no.)
2015,159,PENSION_12,Youth Allowance (Other) (no.)
2016,149,PENSION_12,Youth Allowance (Other) (no.)
2017,169,PENSION_12,Youth Allowance (Other) (no.)
2012,2103,PENSION_13,Family Tax Benefit A (no.)
2013,2128,PENSION_13,Family Tax Benefit A (no.)
2014,2077,PENSION_13,Family Tax Benefit A (no.)
2015,2024,PENSION_13,Family Tax Benefit A (no.)
2016,1956,PENSION_13,Family Tax Benefit A (no.)
2017,1916,PENSION_13,Family Tax Benefit A (no.)
2012,1908,PENSION_14,Family Tax Benefit B (no.)
2013,1947,PENSION_14,Family Tax Benefit B (no.)
2014,1909,PENSION_14,Family Tax Benefit B (no.)
2015,1867,PENSION_14,Family Tax Benefit B (no.)
2016,1780,PENSION_14,Family Tax Benefit B (no.)
2017,1569,PENSION_14,Family Tax Benefit B (no.)
2016,42.4,PERSINC_2,Persons earning $1-$499 per week (%)
2016,21.8,PERSINC_3,Persons earning $500-$999 per week (%)
2016,10.9,PERSINC_4,Persons earning $1000-$1999 per week (%)
2016,0.8,PERSINC_5,Persons earning $2000-$2999 per week (%)
2016,0.3,PERSINC_6,Persons earning $3000 or more per week (%)
2016,13.3,PERSINC_7,Persons earning nil income (%)
2016,1.4,PERSINC_8,Persons with a negative income (%)
2011,462,EQUIV_2,Median equivalised total household income (weekly)  ($)
2016,528,EQUIV_2,Median equivalised total household income (weekly)  ($)
2011,35.4,SCHOOL_2,With Post School Qualifications (%)
2016,40.3,SCHOOL_2,With Post School Qualifications (%)
2011,0.8,SCHOOL_3,With Postgraduate Degree (%)
2016,1.3,SCHOOL_3,With Postgraduate Degree (%)
2011,0.5,SCHOOL_4,With Graduate Diploma/Graduate Certificate (%)
2016,0.8,SCHOOL_4,With Graduate Diploma/Graduate Certificate (%)
2011,6.1,SCHOOL_5,With Bachelor Degree (%)
2016,7.3,SCHOOL_5,With Bachelor Degree (%)
2011,5.2,SCHOOL_6,With Advanced Diploma/Diploma (%)
2016,6.7,SCHOOL_6,With Advanced Diploma/Diploma (%)
2011,11.5,SCHOOL_7,With Certificate (%)
2016,13.4,SCHOOL_7,With Certificate (%)
2011,11.2,SCHOOL_8,"Post School Qualifications - Inadequately described, not stated (%)"
2016,10.7,SCHOOL_8,"Post School Qualifications - Inadequately described, not stated (%)"
2011,139,HELP_2,Taxpayers with Higher Education Loan Program (HELP) repayment (no.)
2012,155,HELP_2,Taxpayers with Higher Education Loan Program (HELP) repayment (no.)
2013,160,HELP_2,Taxpayers with Higher Education Loan Program (HELP) repayment (no.)
2014,151,HELP_2,Taxpayers with Higher Education Loan Program (HELP) repayment (no.)
2015,153,HELP_2,Taxpayers with Higher Education Loan Program (HELP) repayment (no.)
2011,40.5,HIGH_2,Completed Year 12 or equivalent (%)
2016,44.7,HIGH_2,Completed Year 12 or equivalent (%)
2011,10.1,HIGH_3,Completed Year 11 or equivalent (%)
2016,9.1,HIGH_3,Completed Year 11 or equivalent (%)
2011,13.6,HIGH_4,Completed Year 10 or equivalent (%)
2016,11.4,HIGH_4,Completed Year 10 or equivalent (%)
2011,8.3,HIGH_5,Completed Year 9 or equivalent (%)
2016,7.8,HIGH_5,Completed Year 9 or equivalent (%)
2011,14,HIGH_6,Completed Year 8 or below (%)
2016,13.3,HIGH_6,Completed Year 8 or below (%)
2011,4.9,HIGH_7,Did not go to school (%)
2016,4.6,HIGH_7,Did not go to school (%)
2011,8.6,HIGH_8,Highest Year of School Completed - Not stated (%)
2016,9,HIGH_8,Highest Year of School Completed - Not stated (%)
2011,5.7,EMP_OCC_2,Managers (%)
2016,6.3,EMP_OCC_2,Managers (%)
2011,9.2,EMP_OCC_3,Professionals (%)
2016,10.6,EMP_OCC_3,Professionals (%)
2011,17.7,EMP_OCC_4,Technicians and trades workers (%)
2016,15,EMP_OCC_4,Technicians and trades workers (%)
2011,10.3,EMP_OCC_5,Community and personal service workers (%)
2016,13.9,EMP_OCC_5,Community and personal service workers (%)
2011,12.2,EMP_OCC_6,Clerical and administrative workers (%)
2016,11.6,EMP_OCC_6,Clerical and administrative workers (%)
2011,9.8,EMP_OCC_7,Sales workers (%)
2016,11.1,EMP_OCC_7,Sales workers (%)
2011,15.4,EMP_OCC_8,Machinery operators and drivers (%)
2016,14.3,EMP_OCC_8,Machinery operators and drivers (%)
2011,15.9,EMP_OCC_9,Labourers (%)
2016,14.5,EMP_OCC_9,Labourers (%)
2011,3.7,EMP_OCC_10,Occupation of Employed Persons - Inadequately described (%)
2016,2.6,EMP_OCC_10,Occupation of Employed Persons - Inadequately described (%)
2011,1332,YOUTH_1,Youth (15-19 Years) Engagement in Work/Study - Census
2016,1256,YOUTH_1,Youth (15-19 Years) Engagement in Work/Study - Census
2011,1,YOUTH_2,Working full-time and studying part-time (%)
2016,0.7,YOUTH_2,Working full-time and studying part-time (%)
2011,0.8,YOUTH_3,Working part time and studying part-time (%)
2016,0.6,YOUTH_3,Working part time and studying part-time (%)
2011,8.1,YOUTH_4,Working part-time and studying full-time (%)
2016,10,YOUTH_4,Working part-time and studying full-time (%)
2011,3.2,YOUTH_5,Working full-time (not studying) (%)
2016,2.5,YOUTH_5,Working full-time (not studying) (%)
2011,64.4,YOUTH_6,Studying full-time (not working) (%)
2016,63.9,YOUTH_6,Studying full-time (not working) (%)
2016,0.2,YOUTH_7,Working full-time and studying full-time (%)
2011,79.1,YOUTH_8,Fully engaged (%)
2016,78.6,YOUTH_8,Fully engaged (%)
2011,1332,YOUTH_9,Total persons aged 15-19 years (no.)
2011,4973,LF_2,Labour Force (no. )
2016,5015,LF_2,Labour Force (no. )
2011,597,LF_3,Unemployed (no. )
2016,707,LF_3,Unemployed (no. )
2011,12,LF_4,Unemployment rate (%)
2016,14.1,LF_4,Unemployment rate (%)
2011,45.3,LF_5,Participation rate (%)
2016,43.9,LF_5,Participation rate (%)
2012,2772,DISAB_2,Persons with a disability living in private dwellings (no.)
2012,17.3,DISAB_3,Persons with a disability living in private dwellings (%)
2011,713,PRIVATE_2,Taxpayers who report having private health insurance (no.)
2012,721,PRIVATE_2,Taxpayers who report having private health insurance (no.)
2013,770,PRIVATE_2,Taxpayers who report having private health insurance (no.)
2014,805,PRIVATE_2,Taxpayers who report having private health insurance (no.)
2015,859,PRIVATE_2,Taxpayers who report having private health insurance (no.)
2011,7.2,ACTIV_2,Persons who have need for assistance with core activities (%)
2016,9.2,ACTIV_2,Persons who have need for assistance with core activities (%)
2011,2062,GIFTS2,Gifts/donations reported by taxpayers - Persons (no.)
2012,1997,GIFTS2,Gifts/donations reported by taxpayers - Persons (no.)
2013,1964,GIFTS2,Gifts/donations reported by taxpayers - Persons (no.)
2014,2007,GIFTS2,Gifts/donations reported by taxpayers - Persons (no.)
2015,2139,GIFTS2,Gifts/donations reported by taxpayers - Persons (no.)
2011,87,GIFTS3,Gifts/donations reported by taxpayers - Median ($)
2012,85,GIFTS3,Gifts/donations reported by taxpayers - Median ($)
2013,99,GIFTS3,Gifts/donations reported by taxpayers - Median ($)
2014,100,GIFTS3,Gifts/donations reported by taxpayers - Median ($)
2015,100,GIFTS3,Gifts/donations reported by taxpayers - Median ($)
2011,183,WORK_TRAV_3,Used one method - Train or tram (no.)
2016,198,WORK_TRAV_3,Used one method - Train or tram (no.)
2011,45,WORK_TRAV_4,Used one method - Bus (no.)
2016,46,WORK_TRAV_4,Used one method - Bus (no.)
2011,3292,WORK_TRAV_5,Used one method - Car (as driver or passenger) (no.)
2016,3312,WORK_TRAV_5,Used one method - Car (as driver or passenger) (no.)
2011,10,WORK_TRAV_6,Used one method - Motor bike/scooter (no.)
2016,6,WORK_TRAV_6,Used one method - Motor bike/scooter (no.)
2011,15,WORK_TRAV_7,Used one method - Bicycle (no.)
2016,3,WORK_TRAV_7,Used one method - Bicycle (no.)
2011,47,WORK_TRAV_8,Used one method - Other (inc. taxis) (no.)
2016,55,WORK_TRAV_8,Used one method - Other (inc. taxis) (no.)
2011,41,WORK_TRAV_9,Used one method - Walked only (no.)
2016,29,WORK_TRAV_9,Used one method - Walked only (no.)
2011,3701,WORK_TRAV_10,Used one method - Total - used one method (no.)
2016,3695,WORK_TRAV_10,Used one method - Total - used one method (no.)
2011,152,WORK_TRAV_12,Total - used more than one method (no. )
2016,169,WORK_TRAV_12,Total - used more than one method (no. )
2011,53,WORK_TRAV_14,Other - Worked from home (no.)
2016,91,WORK_TRAV_14,Other - Worked from home (no.)
2011,326,WORK_TRAV_15,Other - Employed but did not go to work (no.)
2016,275,WORK_TRAV_15,Other - Employed but did not go to work (no.)
2011,144,WORK_TRAV_16,Other - Method of travel not stated (no.)
2016,78,WORK_TRAV_16,Other - Method of travel not stated (no.)
2011,4376,WORK_TRAV_17,Total employed (no.)
2016,4308,WORK_TRAV_17,Total employed (no.)
2011,470,HHTYPE_2,Lone person households (no.)
2016,556,HHTYPE_2,Lone person households (no.)
2011,69,HHTYPE_3,Group households (no.)
2016,91,HHTYPE_3,Group households (no.)
2011,3631,HHTYPE_4,Family households (no.)
2016,3475,HHTYPE_4,Family households (no.)
2011,4168,HHTYPE_5,Total households (no.)
2016,4119,HHTYPE_5,Total households (no.)
2011,3.4,HHTYPE_6,Average household size (no. of persons)
2016,3.4,HHTYPE_6,Average household size (no. of persons)
2011,1816,FAMILY_2,Couple families with children under 15 and/or dependent students (no.)
2016,1621,FAMILY_2,Couple families with children under 15 and/or dependent students (no.)
2011,383,FAMILY_3,Couple families with non-dependent children only (no.)
2016,424,FAMILY_3,Couple families with non-dependent children only (no.)
2011,691,FAMILY_4,Couple families without children (no.)
2016,715,FAMILY_4,Couple families without children (no.)
2011,587,FAMILY_5,One parent families with children under 15 and/or dependent students (no.)
2016,494,FAMILY_5,One parent families with children under 15 and/or dependent students (no.)
2011,304,FAMILY_6,One parent families with non-dependent children only (no.)
2016,347,FAMILY_6,One parent families with non-dependent children only (no.)
2011,58,FAMILY_7,Other families (no.)
2016,66,FAMILY_7,Other families (no.)
2011,3825,FAMILY_8,Total families (no.)
2016,3681,FAMILY_8,Total families (no.)
2011,3.5,FAMILY_9,Average family size (no. of persons)
2016,3.5,FAMILY_9,Average family size (no. of persons)
2011,5359,MARRIAGE_2,Married in a registered marriage (no.)
2016,4986,MARRIAGE_2,Married in a registered marriage (no.)
2011,317,MARRIAGE_3,Married in a de facto marriage (no.)
2016,415,MARRIAGE_3,Married in a de facto marriage (no.)
2011,4741,MARRIAGE_4,Not married (no.)
2016,5047,MARRIAGE_4,Not married (no.)
2011,51.6,MARRIAGE_5,Married (%)
2016,49.1,MARRIAGE_5,Married (%)
2011,33.2,MARRIAGE_6,Never Married (%)
2016,34.8,MARRIAGE_6,Never Married (%)
2011,4,MARRIAGE_7,Widowed (%)
2016,4,MARRIAGE_7,Widowed (%)
2011,6.7,MARRIAGE_8,Divorced (%)
2016,7.3,MARRIAGE_8,Divorced (%)
2011,4.3,MARRIAGE_9,Separated (%)
2016,4.8,MARRIAGE_9,Separated (%)
2016,80.9,INTERNET_2,Internet accessed from dwelling (%)
2016,14.8,INTERNET_3,Internet not accessed from dwelling (%)
2011,1077,RENT_2,Average monthly household rental payment ($)
2016,1248,RENT_2,Average monthly household rental payment ($)
2011,1483,RENT_3,Average monthly household mortgage payment ($)
2016,1376,RENT_3,Average monthly household mortgage payment ($)
2011,64.7,CHILDCAR_2,Persons who did not provide child care (%)
2016,67.7,CHILDCAR_2,Persons who did not provide child care (%)
2011,21.5,CHILDCAR_3,Persons who cared for own child/children (%)
2016,18.6,CHILDCAR_3,Persons who cared for own child/children (%)
2011,5,CHILDCAR_4,Persons who cared for other child/children (%)
2016,4.7,CHILDCAR_4,Persons who cared for other child/children (%)
2011,0.4,CHILDCAR_5,Persons who cared for own child/children and other child/children (%)
2016,0.3,CHILDCAR_5,Persons who cared for own child/children and other child/children (%)
2011,8.3,CHILDCAR_6,Unpaid Child Care - Not stated (%)
2016,8.7,CHILDCAR_6,Unpaid Child Care - Not stated (%)
2011,12.6,UNPAIDW_2,Persons who provided unpaid assistance to a person with a disability (%)
2016,13.7,UNPAIDW_2,Persons who provided unpaid assistance to a person with a disability (%)
2011,7,UNPAIDW_3,Persons undertaking voluntary work for an organisation or group (%)
2016,8.3,UNPAIDW_3,Persons undertaking voluntary work for an organisation or group (%)
2011,12.6,UNPAIDW_4,"Persons providing unpaid care, help or assistance to others (%)"
2016,13.7,UNPAIDW_4,"Persons providing unpaid care, help or assistance to others (%)"
2011,2.1,CHILD_2,Average number of all children in a family
2016,2.1,CHILD_2,Average number of all children in a family
2016,523,HOUSE_2,Dwellings with extra bedrooms needed (no.)
2016,2187,HOUSE_3,Dwellings with bedrooms spare (no.)
2016,1097,HOUSE_4,Dwellings with no bedrooms needed or spare (no.)
2011,3374,DWELL_2,Separate house (no.)
2016,3411,DWELL_2,Separate house (no.)
2011,537,DWELL_3,"Semi-detached, row or terrace house, townhouse etc. (no.)"
2016,647,DWELL_3,"Semi-detached, row or terrace house, townhouse etc. (no.)"
2011,241,DWELL_4,Flat or apartment (no.)
2016,44,DWELL_4,Flat or apartment (no.)
2011,23.6,TENURE_2,Owned Outright (%)
2016,23.9,TENURE_2,Owned Outright (%)
2011,43.4,TENURE_3,Owned with a mortgage (%)
2016,40.5,TENURE_3,Owned with a mortgage (%)
2011,28.5,TENURE_4,Rented (%)
2016,31,TENURE_4,Rented (%)
2016,462.5,LAND,Land Area (Ha)
2014,494,SOLAR_2,Small-scale solar panel system installations (no.)
2015,567,SOLAR_2,Small-scale solar panel system installations (no.)
2016,602,SOLAR_2,Small-scale solar panel system installations (no.)
2015,14.8,SOLAR_3,Increase in installations from previous year (%)
2016,6.2,SOLAR_3,Increase in installations from previous year (%)
2014,54,SOLAR_4,Solar water heater installations (no.)
2015,58,SOLAR_4,Solar water heater installations (no.)
2016,64,SOLAR_4,Solar water heater installations (no.)
2015,7.4,SOLAR_5,Increase in SWH installations from previous year (%)
2016,10.3,SOLAR_5,Increase in SWH installations from previous year (%)
2012,317,BD_2,Births and Deaths - Births (no.)
2013,288,BD_2,Births and Deaths - Births (no.)
2014,254,BD_2,Births and Deaths - Births (no.)
2015,238,BD_2,Births and Deaths - Births (no.)
2016,257,BD_2,Births and Deaths - Births (no.)
2017,272,BD_2,Births and Deaths - Births (no.)
2012,2.4,BD_3,Births and Deaths - Total fertility rate ( per female) (rate)
2013,2.4,BD_3,Births and Deaths - Total fertility rate ( per female) (rate)
2014,2.4,BD_3,Births and Deaths - Total fertility rate ( per female) (rate)
2015,2.2,BD_3,Births and Deaths - Total fertility rate ( per female) (rate)
2016,2.1,BD_3,Births and Deaths - Total fertility rate ( per female) (rate)
2012,56,BD_4,Births and Deaths - Deaths (no.)
2013,33,BD_4,Births and Deaths - Deaths (no.)
2014,49,BD_4,Births and Deaths - Deaths (no.)
2015,67,BD_4,Births and Deaths - Deaths (no.)
2016,44,BD_4,Births and Deaths - Deaths (no.)
2017,46,BD_4,Births and Deaths - Deaths (no.)
2012,7.1,BD_5,"Births and Deaths - Standardised death rate (per 1,000 population) (rate)"
2013,6.5,BD_5,"Births and Deaths - Standardised death rate (per 1,000 population) (rate)"
2014,6,BD_5,"Births and Deaths - Standardised death rate (per 1,000 population) (rate)"
2015,5.9,BD_5,"Births and Deaths - Standardised death rate (per 1,000 population) (rate)"
2016,6.3,BD_5,"Births and Deaths - Standardised death rate (per 1,000 population) (rate)"
2017,305,PENSION_17,Parenting Payment - Partnered (no.)
2017,1179,PENSION_18,Commonwealth Rent Assistance (no.)
2011,80.5,STRESS_2,Households where mortgage repayments are less than 30% of household income (%)
2016,86.1,STRESS_2,Households where mortgage repayments are less than 30% of household income (%)
2011,19.5,STRESS_3,Households with mortgage repayments greater than or equal to 30% of household income (%)
2016,13.9,STRESS_3,Households with mortgage repayments greater than or equal to 30% of household income (%)
2011,86.3,STRESS_4,Households where rent payments are less than 30% of household income (%)
2016,84.9,STRESS_4,Households where rent payments are less than 30% of household income (%)
2011,13.7,STRESS_5,Households with rent payments greater than or equal to 30% of household income (%)
2016,15.1,STRESS_5,Households with rent payments greater than or equal to 30% of household income (%)
